train_loss,train_acc,val_loss,val_acc,step
2.3171768740668024,9.87,2.3033988011149935,10.0,0
